<?xml version="1.0" encoding="UTF-8"?>
<project-private xmlns="http://www.netbeans.org/ns/project-private/1">
    <editor-bookmarks xmlns="http://www.netbeans.org/ns/editor-bookmarks/2" lastBookmarkId="0"/>
    <open-files xmlns="http://www.netbeans.org/ns/projectui-open-files/2">
        <group>
            <file>file:/D:/NetBeansProjects/Tp4_JSTL/src/java/edu/ensit/tp4/modele/Utilisateur.java</file>
            <file>file:/D:/NetBeansProjects/Tp4_JSTL/web/WEB-INF/vue.jsp</file>
            <file>file:/D:/NetBeansProjects/Tp4_JSTL/web/index.html</file>
            <file>file:/D:/NetBeansProjects/Tp4_JSTL/src/java/edu/ensit/tp4/controleur/Controlleur.java</file>
            <file>file:/D:/NetBeansProjects/Tp4_JSTL/src/java/edu/ensit/tp4/modele/Exceptiondeschamps.java</file>
            <file>file:/D:/NetBeansProjects/Tp4_JSTL/src/java/edu/ensit/tp4/metier/Formulaire.java</file>
        </group>
    </open-files>
</project-private>
